,0
2019-01-01,0.0
2019-01-02,0.0
2019-01-03,0.0
2019-01-04,0.0
2019-01-07,0.0
2019-01-08,0.0
2019-01-09,0.0
2019-01-10,0.0
2019-01-11,0.0
2019-01-14,0.0
2019-01-15,0.0
2019-01-16,0.0
2019-01-17,0.0
2019-01-18,0.0
2019-01-21,0.0
2019-01-22,0.0
2019-01-23,0.0
2019-01-24,0.0
2019-01-25,0.0
2019-01-28,0.0
2019-01-29,0.0
2019-01-30,0.0
2019-01-31,0.0
2019-02-01,0.003331774871568355
2019-02-04,-0.0027575735232237553
2019-02-05,0.0010913330637386716
2019-02-06,0.013363753082175689
2019-02-07,0.0035580391895282297
2019-02-08,-0.0005855752170937645
2019-02-11,0.005545156433533834
2019-02-12,0.005605448222487495
2019-02-13,0.0003587795341323161
2019-02-14,0.005479520603735623
2019-02-15,0.009972278689902053
2019-02-18,-0.003223640645606818
2019-02-19,0.006856041711704203
2019-02-20,-0.0008362007594930239
2019-02-21,0.00042499576125798466
2019-02-22,-0.000723827039224717
2019-02-25,0.0027778321496719403
2019-02-26,0.0012568873445118478
2019-02-27,-0.004420239358786678
2019-02-28,0.009589391904633935
2019-03-01,0.002690501985902723
2019-03-04,-0.006682515310014589
2019-03-05,0.005603074959874045
2019-03-06,-0.004704914868055289
2019-03-07,-0.0012800976022532273
2019-03-08,-0.003183511790598216
2019-03-11,0.0026653968197778246
2019-03-12,0.0001920240566451644
2019-03-13,0.010525761487289804
2019-03-14,0.004804582934680446
2019-03-15,0.00269277023471598
2019-03-18,0.0037800079684259247
2019-03-19,-0.0026961312321314157
2019-03-20,0.004445800180851278
2019-03-21,-0.0005557113802020508
2019-03-22,-0.007356551920385071
2019-03-25,0.0055034056356060845
2019-03-26,0.004536366764263389
2019-03-27,-0.004072943202362012
2019-03-28,-0.00197776206114908
2019-03-29,0.004313367088885939
2019-03-31,-0.00041666666666666664
2019-04-01,-0.0009864185747666954
2019-04-02,0.006072227934913715
2019-04-03,-0.0035922074166189013
2019-04-04,-0.005797040764402202
2019-04-05,0.010682288308969898
2019-04-08,0.008519975519889403
2019-04-09,-0.0075094260768687
2019-04-10,0.010025807912957235
2019-04-11,0.0021656835002684207
2019-04-12,0.004423171618780207
2019-04-15,-0.0003559187953578735
2019-04-16,-0.0005811880686683313
2019-04-17,-0.002544806603746258
2019-04-18,0.0037453255271307218
2019-04-19,0.0031827441121774214
2019-04-22,-0.00043055623558267263
2019-04-23,0.0037664322881278594
2019-04-24,-0.00014395513222139255
2019-04-25,-0.0010157071336054184
2019-04-26,-0.002451154842617191
2019-04-29,0.0010271610957781803
2019-04-30,-0.0012984656282712486
2019-05-01,-0.005278868652046413
2019-05-02,-0.0032981606794659406
2019-05-03,0.0006067881324812361
2019-05-06,0.0004537333490038926
2019-05-07,0.0015815323328012831
2019-05-08,-0.007131223251870414
2019-05-09,0.016731788339282377
2019-05-10,-0.00601184985840635
2019-05-13,0.0012941538714040894
2019-05-14,0.0003307886552016228
2019-05-15,0.008543831552146755
2019-05-16,-0.006908441085157674
2019-05-17,0.0037237898664974813
2019-05-20,0.006688886309437352
2019-05-21,-0.0013382471965480793
2019-05-22,-0.0008084454415359463
2019-05-23,0.007344376381761292
2019-05-24,-0.011759121690059732
2019-05-27,-0.004365551807074403
2019-05-28,0.0027633858361041557
2019-05-29,-0.00597581703771935
2019-05-30,-0.006148151453345592
2019-05-31,0.0025963693107181884
2019-06-03,-0.006132500039429624
2019-06-04,0.0054913034789501785
2019-06-05,0.004976474985660367
2019-06-06,-0.0015068958460499981
2019-06-07,0.005829053717686791
2019-06-10,0.0008386079569695408
2019-06-11,0.005299379115766417
2019-06-12,0.002043427058230657
2019-06-13,0.006499951817938368
2019-06-14,0.006241689995250627
2019-06-17,0.0035943599040380494
2019-06-18,0.014520544342469521
2019-06-19,-0.006728541914922966
2019-06-20,-0.008458013246297153
2019-06-21,0.003504200611880041
2019-06-24,0.0004914375121928367
2019-06-25,0.005400280896582519
2019-06-26,2.371226108967804e-05
2019-06-27,0.0022668358189702016
2019-06-28,0.0034853765944543777
2019-06-30,-0.00041666666666666664
2019-07-01,0.00533031034898181
2019-07-02,-0.0015059791434343295
2019-07-03,-0.003760400587776944
2019-07-04,0.0005879324594608246
2019-07-05,0.001220752325100281
2019-07-08,0.0035097813818044847
2019-07-09,0.010879598089447282
2019-07-10,-0.0034613002535938313
2019-07-11,0.0024057577260823415
2019-07-12,-0.0010152194425559382
2019-07-15,-0.0030603066617204506
2019-07-16,-0.002599726945062812
2019-07-17,0.0006220110067422695
2019-07-18,0.005062509711018182
2019-07-19,-0.0065688007149301755
2019-07-22,-0.00743770727723575
2019-07-23,-0.005251994922602883
2019-07-24,0.009907483164897488
2019-07-25,-0.00040162903868605986
2019-07-26,0.007109333298907865
2019-07-29,0.004812683650529051
2019-07-30,0.0010952126968512832
2019-07-31,0.0032438988338373553
2019-08-01,0.011392407533419127
2019-08-02,-0.009539392743556011
2019-08-05,0.006149221637958039
2019-08-06,0.005338205632080937
2019-08-07,-0.0008923269650012171
2019-08-08,-0.007472139382588228
2019-08-09,-0.006236900506273235
2019-08-12,0.004893194078237082
2019-08-13,7.943842164700966e-05
2019-08-14,0.0028655773956420636
2019-08-15,-0.004955351055898532
2019-08-16,-0.002098162160766341
2019-08-19,-0.003883268955823193
2019-08-20,-0.0008481816672709086
2019-08-21,-0.00022519173120252867
2019-08-22,-0.006604409000133186
2019-08-23,0.0026942811391240384
2019-08-26,0.0017845846786798587
2019-08-27,-0.005873768365058929
2019-08-28,0.0044484371062896155
2019-08-29,-0.002703662151491185
2019-08-30,0.0024901295328014403
2019-08-31,-0.00020833333333333332
2019-09-02,0.0027803147077094057
2019-09-03,0.008025187365435374
2019-09-04,-0.003144436424371232
2019-09-05,-0.004476148949128696
2019-09-06,0.0045446404341343005
2019-09-09,-0.0015449381269084421
2019-09-10,-0.006738901255332395
2019-09-11,0.012252082065053849
2019-09-12,0.001028463451215683
2019-09-13,0.0029295762508946463
2019-09-16,0.0015375677574736937
2019-09-17,0.004468199995544856
2019-09-18,-0.004104452606019207
2019-09-19,-7.3159585704706464e-06
2019-09-20,0.00015912699590435887
2019-09-23,0.007197237737073175
2019-09-24,0.004235450461258266
2019-09-25,0.005630398011306317
2019-09-26,-0.004828862503505024
2019-09-27,0.004112984132342716
2019-09-30,0.0008468648690685605
2019-10-01,-0.009924516947476683
2019-10-02,-0.005950747076263251
2019-10-03,-0.010386535163200612
2019-10-04,0.00021007834875262166
2019-10-07,-0.0020844551614917868
2019-10-08,0.006204478935505982
2019-10-09,-0.0039307832123506485
2019-10-10,0.0007357278514247833
2019-10-11,-0.001487860313429151
2019-10-14,0.002992178277485306
2019-10-15,-0.008026933363147654
2019-10-16,-0.000874004068727942
2019-10-17,0.011441092743608428
2019-10-18,0.0008108761561555122
2019-10-21,-0.003999561837874624
2019-10-22,0.001643923090030668
2019-10-23,-0.007633622070024586
2019-10-24,0.003806430472910303
2019-10-25,0.014176268396189701
2019-10-28,-0.007101186081574266
2019-10-29,0.00656430992749471
2019-10-30,0.002704687399450317
2019-10-31,0.008131610576669668
2019-11-01,-0.005045888879912881
2019-11-04,0.014623283741081922
2019-11-05,0.011272609913234765
2019-11-06,-0.002692115030251805
2019-11-07,0.003073299618873751
2019-11-08,0.0003155934176439871
2019-11-11,-0.00045525616918252543
2019-11-12,-0.001376643737516817
2019-11-13,0.013137092686913458
2019-11-14,0.00568091051492195
2019-11-15,0.0018992821561681916
2019-11-18,0.01433225835977823
2019-11-19,8.757146839399009e-06
2019-11-20,0.006336056081905683
2019-11-21,0.006053882090063171
2019-11-22,-0.002848091126599876
2019-11-25,-0.006388993314298486
2019-11-26,0.0031725570997251937
2019-11-27,-0.001739244265101525
2019-11-28,0.004037962455678973
2019-11-29,-0.0008961889060088897
2019-11-30,-0.00041666666666666664
2019-12-02,0.008757341476091937
2019-12-03,-0.005239007537470568
2019-12-04,-0.001160596414131345
2019-12-05,-0.0022905846867617894
2019-12-06,0.0004943938976931796
2019-12-09,-0.0023914656949535484
2019-12-10,-0.0032631939811436266
2019-12-11,-0.004524165374928427
2019-12-12,0.00031755172809038335
2019-12-13,-0.0030183943052173403
2019-12-16,0.012885252641069978
2019-12-17,-0.0012026536148657023
2019-12-18,0.006365691115226521
2019-12-19,-0.000809556143503855
2019-12-20,-0.0054640535432805
2019-12-23,0.002073720966949235
2019-12-24,0.00016549988381383207
2019-12-25,-0.008918391699467584
2019-12-26,-0.004444374376063625
2019-12-27,0.004098991714103337
2019-12-30,0.0015708247087651466
2019-12-31,-0.002473598666546543
2020-01-01,0.00010204083997574387
2020-01-02,-0.0077215718681562335
2020-01-03,-0.0031114373621090596
2020-01-06,0.00490843289385635
2020-01-07,-0.004486984841459854
2020-01-08,0.001140968462032784
2020-01-09,0.008238669062661639
2020-01-10,-0.00830175436607201
2020-01-13,0.005082361598939646
2020-01-14,-0.0013900143003065983
2020-01-15,0.001840095609716125
2020-01-16,-0.0033219289924135524
2020-01-17,-0.0049771559824726514
2020-01-20,0.0016046276441909293
2020-01-21,-0.003949666139714998
2020-01-22,-0.0016477292589198362
2020-01-23,0.010905765404336696
2020-01-24,-0.001073635971422256
2020-01-27,0.007151660781923012
2020-01-28,0.0010458154198115899
2020-01-29,0.00037867406175885277
2020-01-30,0.0078851374286103
2020-01-31,-0.003984742147007864
2020-02-03,-0.003942153180097033
2020-02-04,8.57355957490551e-05
2020-02-05,0.0032778235041684978
2020-02-06,-0.008211021468417548
2020-02-07,0.004212598841256206
2020-02-10,0.0075452229299043105
2020-02-11,0.011718860847810719
2020-02-12,-0.009356583240611475
2020-02-13,0.001748067102592861
2020-02-14,0.001924764249167098
2020-02-17,-0.0010425332489701431
2020-02-18,-0.0013800417768416082
2020-02-19,-0.0025641110175628205
2020-02-20,0.005980892669179893
2020-02-21,0.0040552379712281055
2020-02-24,-0.0016416413302952067
2020-02-25,0.0006887221384458218
2020-02-26,0.0029110604562404734
2020-02-27,-0.0021252096431027636
2020-02-28,-0.006435701166561345
2020-02-29,-0.00041666666666666664
2020-03-02,0.0011842135196374803
2020-03-03,0.0029196431555304483
2020-03-04,5.228516694333275e-05
2020-03-05,0.004989075485430493
2020-03-06,0.0006907844546365231
2020-03-09,0.005336768302218242
2020-03-10,0.00809540998034754
2020-03-11,0.004988291874982851
2020-03-12,-0.007423274902063338
2020-03-13,0.009704752146222812
2020-03-16,0.0005249218949339258
2020-03-17,-0.009008094106968751
2020-03-18,-0.0031123692574147785
2020-03-19,-0.0018385641907733095
2020-03-20,-0.0015337537720728667
2020-03-23,-0.0032910442446892714
2020-03-24,-1.4286376960603864e-06
2020-03-25,-0.0036075244743540846
2020-03-26,-0.007494730784857174
2020-03-27,0.009489460071630576
2020-03-30,-0.003107906370078739
2020-03-31,-0.01003889251597212
2020-04-01,0.004333207264333838
2020-04-02,-0.004839777516110708
2020-04-03,0.006743876394349609
2020-04-06,1.0076287249147567e-05
2020-04-07,-0.003936638309621006
2020-04-08,-0.005209323317889055
2020-04-09,-0.009881928492524856
2020-04-10,0.004841184227434153
2020-04-13,-0.0134705998604794
2020-04-14,-0.008049503573075859
2020-04-15,0.003986880780228093
2020-04-16,0.002885429438697416
2020-04-17,-0.007605782243301181
2020-04-20,-0.0011331555331343484
2020-04-21,0.003823535941282124
2020-04-22,-0.003705333328126846
2020-04-23,0.00946990417636705
2020-04-24,0.0006110002790030247
2020-04-27,0.0016623771763147888
2020-04-28,-0.0050260934434262685
2020-04-29,0.006525667461103964
2020-04-30,-0.005024980068474756
2020-05-01,0.008746777543652958
2020-05-04,0.0029773152924068196
2020-05-05,-0.007919650005118645
2020-05-06,-0.004985356188485011
2020-05-07,0.0008375241730202709
2020-05-08,0.012187452420567365
2020-05-11,0.008354074527744235
2020-05-12,0.013620619071273182
2020-05-13,-0.006572470945337638
2020-05-14,-0.0012514759861277556
2020-05-15,-0.00960078638683313
2020-05-18,-0.004613139322170556
2020-05-19,0.0077953417407882015
2020-05-20,0.006257237963136448
2020-05-21,-0.001122131939380535
2020-05-22,0.0030369665999891897
2020-05-25,-0.008438914437807846
2020-05-26,-0.0019453520943116167
2020-05-27,-0.012797900208116535
2020-05-28,-0.005400800952031511
2020-05-29,-0.002151373813785486
2020-05-31,-0.0010416666666666664
2020-06-01,-0.001625416382471369
2020-06-02,-0.010937495250525498
2020-06-03,-0.005777143667807553
2020-06-04,-0.00172332290016843
2020-06-05,0.006348039913136658
2020-06-08,0.001996656657946784
2020-06-09,-0.0010498633542669888
2020-06-10,0.013425578158253793
2020-06-11,-0.0024776836950161276
2020-06-12,0.001276405843330386
2020-06-15,0.013959890127072503
2020-06-16,-0.0011842089428464688
2020-06-17,-0.0024033378465387885
2020-06-18,-0.0021858221376217513
2020-06-19,0.003190224882857325
2020-06-22,-0.0019223536607848035
2020-06-23,-0.006081394705754509
2020-06-24,0.00014216429270169596
2020-06-25,-0.01458438106905265
2020-06-26,-0.0011027993398202798
2020-06-29,0.00022702597551493842
2020-06-30,-0.003282288657958867
2020-07-01,-0.0022399472582065962
2020-07-02,-0.007110737602443443
2020-07-03,-0.004626204407433285
2020-07-06,0.004065651938952456
2020-07-07,-0.012124326054461527
2020-07-08,0.003613054878256305
2020-07-09,0.012755355740447486
2020-07-10,0.0008464275239633658
2020-07-13,-0.0045256160173555715
2020-07-14,-0.0036022920940057086
2020-07-15,0.0030358746408655026
2020-07-16,0.0015475025619432945
2020-07-17,0.015497475638936515
2020-07-20,0.00629343956831326
2020-07-21,-0.002119282543696569
2020-07-22,0.0035880045516292203
2020-07-23,0.005158122242338488
2020-07-24,-0.004815887271387802
2020-07-27,-0.010279886416015719
2020-07-28,0.007094151063451607
2020-07-29,0.0014297863991833406
2020-07-30,0.010488369149287772
2020-07-31,-0.0064878436498780525
2020-08-03,-0.0018374589640939064
2020-08-04,-0.002341187169101486
2020-08-05,0.010386689671616656
2020-08-06,-0.00828028445474116
2020-08-07,0.0018259454923948426
2020-08-10,-0.00482983167296199
2020-08-11,-0.012492189714231994
2020-08-12,0.009844881807210243
2020-08-13,-0.003615400266339265
2020-08-14,0.012692523131751973
2020-08-17,-0.0014490103390946045
2020-08-18,0.00035903888944105455
2020-08-19,-0.023650876128183652
2020-08-20,-0.007752454962350034
2020-08-21,-0.004707889077796197
2020-08-24,-0.0018996310272112555
2020-08-25,0.00824002908663285
2020-08-26,0.009735473149288012
2020-08-27,0.00475447099631345
2020-08-28,-0.00845274965359602
2020-08-31,-0.00249295184482351
2020-09-01,0.004178781757866845
2020-09-02,0.0037750574699623816
2020-09-03,-0.008051111639404196
2020-09-04,0.0019350379956446792
2020-09-07,0.0011669399507312865
2020-09-08,-0.0005087581443103487
2020-09-09,-0.001436039505090025
2020-09-10,-0.007066411936154724
2020-09-11,0.0025608216745804106
2020-09-14,-0.007908500791910938
2020-09-15,0.001643728928554309
2020-09-16,0.004927353908736036
2020-09-17,-0.007338863520453487
2020-09-18,0.011209669921153066
2020-09-21,-0.004018525714422451
2020-09-22,-0.014628455153912433
2020-09-23,-0.0035528669627045146
2020-09-24,0.006491690612549414
2020-09-25,0.006211627255788767
2020-09-28,-0.0018142282735543382
2020-09-29,-0.005390094860298751
2020-09-30,0.0009553550631834305
2020-10-01,0.004349575169379866
2020-10-02,-0.003130577982351242
2020-10-05,0.005574761611884637
2020-10-06,0.009418918320088093
2020-10-07,-0.002830540093259633
2020-10-08,0.007942364880229574
2020-10-09,-0.004397705086773072
2020-10-12,-0.00554100287003915
2020-10-13,0.015056112262824516
2020-10-14,-8.187022312125883e-06
2020-10-15,-0.0008686426872632582
2020-10-16,0.0005876970834110817
2020-10-19,0.012185499403267065
2020-10-20,0.00643778091283285
2020-10-21,0.002280226430433158
2020-10-22,-0.004759633196061828
2020-10-23,-0.011402558215535865
2020-10-26,0.006412629626818896
2020-10-27,0.001257036301701329
2020-10-28,0.00659601618880772
2020-10-29,0.004896966722377031
2020-10-30,-0.004509070499171801
2020-10-31,-0.00020833333333333332
2020-11-02,-0.007399976178752099
2020-11-03,-0.000987713544735341
2020-11-04,0.001275482451299622
2020-11-05,-0.008785067527858126
2020-11-06,-0.003651340374723773
2020-11-09,-0.01355253349959277
2020-11-10,-0.001348691352409448
2020-11-11,0.014114741197814999
2020-11-12,-0.008707484698461998
2020-11-13,0.0036840750732656065
2020-11-16,-0.015173604449565207
2020-11-17,0.014136780594309442
2020-11-18,-6.408262953951603e-05
2020-11-19,0.009857182955137536
2020-11-20,0.004689696520855148
2020-11-23,-0.012299246769444418
2020-11-24,-0.0014689415227506315
2020-11-25,0.0006216049793033028
2020-11-26,0.004165354777078642
2020-11-27,0.001094577597571718
2020-11-30,-0.0014590824563307046
2020-12-01,-0.001192026424586142
2020-12-02,0.0025552112120760624
2020-12-03,-0.0030425796440227224
2020-12-04,-0.0028939632177839934
2020-12-07,-0.005590664392081761
2020-12-08,0.010903599348065821
2020-12-09,0.0033667559743401354
2020-12-10,0.004681543365848686
2020-12-11,0.007960142368248102
2020-12-14,0.0020611999773421184
2020-12-15,-0.0007249061819042664
2020-12-16,-0.0032313650241773775
2020-12-17,0.0034400586190742044
2020-12-18,-0.003919756032372036
2020-12-21,-0.0005500123799764096
2020-12-22,-0.0013905930482805418
2020-12-23,-0.016751640922813654
2020-12-24,-0.006370531274111598
2020-12-25,0.004404300079811454
2020-12-28,0.006640703951471112
2020-12-29,0.0012615912255511392
2020-12-30,0.002053249421278408
2020-12-31,0.005430655883559714
2021-01-01,9.345832215433114e-05
2021-01-04,0.00797185080614544
2021-01-05,0.0005315331110096284
2021-01-06,-0.01064249553973425
2021-01-07,-0.005184664956860457
2021-01-08,-0.0007171074567395299
2021-01-11,0.0055209943465190005
2021-01-12,0.0012247090565516334
2021-01-13,0.0018707893747054727
2021-01-14,0.005585375515758273
2021-01-15,-0.0007946698392249374
2021-01-18,0.0022055661501988177
2021-01-19,-0.006212486490504192
2021-01-20,0.010221450827779513
2021-01-21,0.004596985261528936
2021-01-22,0.009284672536107041
2021-01-25,0.016147959813885792
2021-01-26,-0.009064937087946126
2021-01-27,-0.004048201524017747
2021-01-28,-0.0012527071816183966
2021-01-29,0.0005373645210317857
2021-01-31,-0.000625
2021-02-01,0.004778643049679296
2021-02-02,-0.0019098283046991476
2021-02-03,0.00023881561469649148
2021-02-04,7.66822793323112e-05
2021-02-05,0.015957289401051573
2021-02-08,0.01197993179315666
2021-02-09,-0.007988818388947733
2021-02-10,0.005698564111274302
2021-02-11,-0.0019392478095617656
2021-02-12,0.00052331634952546
2021-02-15,-0.008139629768622517
2021-02-16,0.004736916107485122
2021-02-17,0.003339996588045096
2021-02-18,-0.0013005117132533581
2021-02-19,0.0003477016766435155
2021-02-22,-0.0018548516890541378
2021-02-23,-0.0029875750566403696
2021-02-24,-0.001181692404367857
2021-02-25,-0.004891208821969733
2021-02-26,0.004128657791829267
2021-02-28,-0.00041666666666666664
2021-03-01,0.00481552362413847
2021-03-02,0.006156370096052466
2021-03-03,-0.0009980811925355826
2021-03-04,-0.009650760832161282
2021-03-05,0.0019040444737798419
2021-03-08,0.006449609468051102
2021-03-09,0.0035852432391585607
2021-03-10,-0.003935511493175058
2021-03-11,-3.651737577495262e-05
2021-03-12,0.008313699586783243
2021-03-15,0.00018367454840151343
2021-03-16,0.010493225353418399
2021-03-17,0.005943687780332505
2021-03-18,0.0019273847808378617
2021-03-19,-0.007235089966849573
2021-03-22,0.0013557364673905943
2021-03-23,0.006569876011084738
2021-03-24,0.0017891261178552735
2021-03-25,-0.0029107744174432884
2021-03-26,0.002670691937984082
2021-03-29,0.004091682195344263
2021-03-30,0.010792901410714123
2021-03-31,0.005960393739251335
2021-04-01,0.0024272193878105046
2021-04-02,-0.0042999800676863376
2021-04-05,-0.00018339017051600503
2021-04-06,0.0008628522491142265
2021-04-07,-0.001982496223535903
2021-04-08,-0.008156018376348412
2021-04-09,-0.007242466905486817
2021-04-12,0.005737788416930595
2021-04-13,-0.0011467084980636521
2021-04-14,0.0033855018940774357
2021-04-15,0.009260973847599357
2021-04-16,-0.009176187585927068
2021-04-19,0.006291074340537235
2021-04-20,-0.0009389275114924656
2021-04-21,-0.008112152264097403
2021-04-22,0.010189431387030675
2021-04-23,0.0006162999383421686
2021-04-26,0.0008943779682317929
2021-04-27,0.0006883748916870491
2021-04-28,-0.0022825302461436285
2021-04-29,-0.002148032345393893
2021-04-30,0.007183687909874134
2021-05-03,0.0009553105444485202
2021-05-04,0.0041501772495147
2021-05-05,0.0013714429531735777
2021-05-06,0.00028517223891156673
2021-05-07,0.006705111998773328
2021-05-10,-0.011943383996884455
2021-05-11,-0.0017113272751991167
2021-05-12,-0.0012281476430710072
2021-05-13,0.0003141153923120753
2021-05-14,0.005074080494463794
2021-05-17,-0.002655505202882556
2021-05-18,0.0037323370365226296
2021-05-19,-0.0017431649701810288
2021-05-20,-0.006764883668603977
2021-05-21,-0.004064484911563379
2021-05-24,0.008603939816427394
2021-05-25,0.005059722349047594
2021-05-26,-0.009104423454198984
2021-05-27,-0.005863020571240662
2021-05-28,0.0042977362933709715
2021-05-31,-0.0003023918185785239
2021-06-01,-0.011047226144099262
2021-06-02,0.004582493130749562
2021-06-03,0.0038644616668367755
2021-06-04,-0.0011034626583379947
2021-06-07,0.0006664543266138303
2021-06-08,-0.0026208070028125494
2021-06-09,-0.012354871763691083
2021-06-10,0.004829047681479449
2021-06-11,-0.005335402912704494
2021-06-14,-0.0009704759175717019
2021-06-15,-0.001647464335879182
2021-06-16,0.002476907910206114
2021-06-17,0.0040301191656648425
2021-06-18,0.0028378556953388423
2021-06-21,-0.0013612564880789997
2021-06-22,0.00592507938492028
2021-06-23,0.0012230251049351324
2021-06-24,-0.001249612559581901
2021-06-25,0.009699352489279276
2021-06-28,-0.0035367000241559032
2021-06-29,0.0018426459537006685
2021-06-30,-0.0026871098313770154
2021-07-01,0.0034170375278003017
2021-07-02,-0.0039555963788869275
2021-07-05,0.004886010336158579
2021-07-06,0.0009674538908747327
2021-07-07,-0.005001229517703516
2021-07-08,-0.005188129914708212
2021-07-09,-0.002006250442457595
2021-07-12,0.005508679735441614
2021-07-13,0.0024940691467045346
2021-07-14,-0.0051884510960046775
2021-07-15,-9.193295494750787e-05
2021-07-16,0.003668206366540166
2021-07-19,0.009824771698692761
2021-07-20,-0.0008343454430828253
2021-07-21,0.008166959531108353
2021-07-22,-0.011447484037730299
2021-07-23,0.006193298106245582
2021-07-26,0.0060393958577905915
2021-07-27,-0.0018240027449084038
2021-07-28,-0.006073401998857864
2021-07-29,-0.000595501151776247
2021-07-30,-0.0007367756588945265
2021-07-31,0.0
2021-08-02,-0.005478254693001061
2021-08-03,-0.008200325580653237
2021-08-04,-0.0029494869406596715
2021-08-05,-0.0002229084783800791
2021-08-06,0.0029845294969060117
2021-08-09,-0.0008543223664691972
2021-08-10,-0.009022122826125792
2021-08-11,-0.008155838034303956
2021-08-12,-0.008314780675721573
2021-08-13,-0.0034100674449022055
2021-08-16,-0.001985916978742508
2021-08-17,-2.531117095201196e-05
2021-08-18,-0.0001574790619005192
2021-08-19,0.0010322411948547141
2021-08-20,0.007084400383216338
2021-08-23,-0.0006855741097083845
2021-08-24,-0.0027200613931345945
2021-08-25,-0.0013643766504363537
2021-08-26,-0.005143498593148545
2021-08-27,0.0022728933735583863
2021-08-30,0.006037851322172577
2021-08-31,0.01171990279626477
2021-09-01,-0.004299437741679947
2021-09-02,0.007693267917160332
2021-09-03,-0.011585199357688702
2021-09-06,-0.004807217306050199
2021-09-07,0.006991997431448663
2021-09-08,-0.005048207796770352
2021-09-09,-0.00996747466390833
2021-09-10,0.002767912961304409
2021-09-13,-0.0027070186104455425
2021-09-14,-0.009687480508921284
2021-09-15,-0.01690241098065916
2021-09-16,-0.01921848196964454
2021-09-17,-0.0021997533519419648
2021-09-20,0.004771412465351907
2021-09-21,0.005356231148612667
2021-09-22,0.003681069977528613
2021-09-23,0.00199881956535101
2021-09-24,0.0060384485007311806
2021-09-27,-0.011900798690301603
2021-09-28,-0.0010877549071255654
2021-09-29,0.0076599413391801865
2021-09-30,0.005656402063685959
2021-10-01,0.0003912679158163781
2021-10-04,0.0026127093509397867
2021-10-05,-0.011663873393724728
2021-10-06,-0.001177817865163605
2021-10-07,0.0050395964442897425
2021-10-08,0.0011876128224220235
2021-10-11,-0.01142780779200353
2021-10-12,0.012071152195807566
2021-10-13,0.0048471129225996215
2021-10-14,0.00036027299563799265
2021-10-15,-0.0028913260576026627
2021-10-18,0.004735508713747625
2021-10-19,0.0009468100099177725
2021-10-20,-0.0024541113205088965
2021-10-21,0.002909915779237494
2021-10-22,-0.015166719430909581
2021-10-25,-0.004872836426862351
2021-10-26,-0.012535504882153953
2021-10-27,-0.0022884300568604687
2021-10-28,-0.005176255113678381
2021-10-29,-0.0010075657846835002
2021-10-31,-0.000625
2021-11-01,-0.0017174377504151628
2021-11-02,-0.014289852332313622
2021-11-03,-0.009601840902545233
2021-11-04,-0.012098847935445262
2021-11-05,-0.0039570480687100736
2021-11-08,0.016308035165222036
2021-11-09,-0.0012458197244845366
2021-11-10,0.0023780443710374084
2021-11-11,0.006033762070112636
2021-11-12,-0.008599662166780661
2021-11-15,-0.009212681208173997
2021-11-16,0.00445183010770268
2021-11-17,-0.004697232796378506
2021-11-18,0.011392588206018146
2021-11-19,0.0014757044835885798
2021-11-22,0.007814013975052114
2021-11-23,0.00046763107515270484
2021-11-24,-0.009891514261732366
2021-11-25,0.002220477259428949
2021-11-26,-0.006993665578572783
2021-11-29,0.007810229840242516
2021-11-30,0.004451672211783488
2021-12-01,0.009847864863920707
2021-12-02,-0.0006939869878782408
2021-12-03,0.0007395225608500997
2021-12-06,-0.01309517584100067
2021-12-07,0.012113676282169028
2021-12-08,0.00473356517018561
2021-12-09,-0.004139652854013761
2021-12-10,0.006925286193949405
2021-12-13,0.003284548685239891
2021-12-14,-0.0030069452486675696
2021-12-15,0.003492162064977165
2021-12-16,0.005413776175934193
2021-12-17,0.00621833232376956
2021-12-20,-0.00825617045269859
2021-12-21,-0.0024385329757186285
2021-12-22,-0.0024769325313284407
2021-12-23,-0.015009102013869643
2021-12-24,0.012367572356620114
2021-12-27,-0.006442175590598823
2021-12-28,-0.013067960516087995
2021-12-29,-0.002451318562038063
2021-12-30,-0.0029074028230864357
2021-12-31,-0.006892009730802784
2022-01-03,-0.003812907709700455
2022-01-04,0.0038707948351149692
2022-01-05,0.003946153235635047
2022-01-06,-0.005279476479584322
2022-01-07,-0.0079465596308362
2022-01-10,-0.022651524529120188
2022-01-11,-0.004457458042270869
2022-01-12,0.007885169311251447
2022-01-13,0.007198284601666438
2022-01-14,0.010894259558300062
2022-01-17,-0.004923374957189447
2022-01-18,0.007535713588986877
2022-01-19,-0.006270433616607636
2022-01-20,0.004849243547993755
2022-01-21,0.0007642703941756201
2022-01-24,-7.048760031251133e-05
2022-01-25,-0.013086237299203793
2022-01-26,-0.0032493578227987077
2022-01-27,0.012892681580891371
2022-01-28,0.003907631466097831
2022-01-31,0.00046080442510843846
2022-02-01,-0.016371221510567382
2022-02-02,-0.008189643963780155
2022-02-03,0.0023293041610315717
2022-02-04,9.097500468018471e-05
2022-02-07,-0.0009124796243018726
2022-02-08,0.008215991684554846
2022-02-09,-0.01077090874313158
2022-02-10,-0.0016857477195230675
2022-02-11,-0.0023849474288329953
2022-02-14,0.007964690706259306
2022-02-15,-0.01117494287584834
2022-02-16,0.0005793175019825161
2022-02-17,0.007206043934495948
2022-02-18,0.00805913546941922
2022-02-21,0.004923325834302412
2022-02-22,0.001178193878413706
2022-02-23,0.00552886068440291
2022-02-24,-0.006052575559179375
2022-02-25,0.00765290583462421
2022-02-28,0.0110149190200824
2022-03-01,-0.006423895187648201
2022-03-02,-0.0051652874271522105
2022-03-03,-0.003910991208892397
2022-03-04,-0.008160276522169017
2022-03-07,0.00012631514339385072
2022-03-08,0.0034321468358833223
2022-03-09,0.002393420621687098
2022-03-10,0.002136542265723361
2022-03-11,0.011964526814627535
2022-03-14,0.0014018632505720108
2022-03-15,-0.002531841289342038
2022-03-16,0.004583404027572531
2022-03-17,0.007334020131567457
2022-03-18,0.0010914261219872694
2022-03-21,0.011270270310857256
2022-03-22,0.0058365703949014025
2022-03-23,-0.002214067676601992
2022-03-24,-0.0007551471774177216
2022-03-25,0.005537430105643587
2022-03-28,0.01001589177712673
2022-03-29,0.001443672789161363
2022-03-30,0.0005122977680683258
2022-03-31,0.004186549612195713
2022-04-01,0.006131486719705795
2022-04-04,-0.0030946753357878505
2022-04-05,-0.0068325618469382565
2022-04-06,0.006539406138739925
2022-04-07,0.0006236816321631056
2022-04-08,0.0037874969688319413
2022-04-11,0.004203393878904735
2022-04-12,-0.0013648564624376878
2022-04-13,-0.0030387779047281824
2022-04-14,0.007653504674966838
2022-04-15,-0.005435778460211316
2022-04-18,0.01220262403682365
2022-04-19,0.0040704628792427675
2022-04-20,-0.011187498007251625
2022-04-21,-0.003952675112173999
2022-04-22,0.011062867891920014
2022-04-25,0.001975186311168285
2022-04-26,0.002753438941931437
2022-04-27,-0.005078338219194132
2022-04-28,0.001327288630184747
2022-04-29,-0.0028731476169588837
2022-04-30,-0.000625
2022-05-02,0.0013605516183065325
2022-05-03,0.0007111483311524986
2022-05-04,-0.0013375028924411574
2022-05-05,-0.005551432858294856
2022-05-06,-0.009685329701578593
2022-05-09,0.007009825744542267
2022-05-10,-0.0033902224018562688
2022-05-11,-0.00045741570562222566
2022-05-12,-0.007940442529191035
2022-05-13,-0.0012824466812534994
2022-05-16,0.002670524253499395
2022-05-17,-0.0033012062006668543
2022-05-18,-0.009144139144202404
2022-05-19,0.001003501747442839
2022-05-20,-0.0009167450579993981
2022-05-23,-0.00349502105765744
2022-05-24,0.007198270969198301
2022-05-25,-0.0058735638175752645
2022-05-26,-0.0025571398347961445
2022-05-27,-0.005275932658044416
2022-05-30,-0.006380705416161536
2022-05-31,-0.006358597247532387
2022-06-01,-0.014416231596714471
2022-06-02,-0.007984038491159973
2022-06-03,0.00655963561490088
2022-06-06,0.0014982651571097867
2022-06-07,0.009762917674634015
2022-06-08,0.004549850925322461
2022-06-09,0.0013138453207383045
2022-06-10,-0.00566231111550682
2022-06-13,-0.003961294856781317
2022-06-14,-0.006697124658749277
2022-06-15,-0.0013484007345935895
2022-06-16,-0.006780659343247841
2022-06-17,-0.006476312717695498
2022-06-20,0.007739569852715252
2022-06-21,0.002568407512490887
2022-06-22,-0.007839823936629398
2022-06-23,0.006713315780942744
2022-06-24,-0.009551890075210678
2022-06-27,0.002891067208217292
2022-06-28,0.0012329659497935241
2022-06-29,-0.0005263063148400653
2022-06-30,-0.0029375608853728086
2022-07-01,-0.0003778861661588765
2022-07-04,-0.0027699605710586692
2022-07-05,0.006386390213425908
2022-07-06,-0.005280013514127657
2022-07-07,-0.0067186455474942865
2022-07-08,0.0061898472053164184
2022-07-11,-0.005203175505035018
2022-07-12,0.002487807102021622
2022-07-13,0.0026515921723088143
2022-07-14,0.003439483310814672
2022-07-15,0.003035630728328499
2022-07-18,0.0012116790300754072
2022-07-19,-0.007824291683106315
2022-07-20,-0.004354210837067865
2022-07-21,-0.005883125883179242
2022-07-22,0.0029973528933103233
2022-07-25,-0.011105648894431849
2022-07-26,-0.004153102780937574
2022-07-27,-0.003131563491020062
2022-07-28,0.0013545134425348906
2022-07-29,0.008772140130945526
2022-07-31,-0.00041666666666666664
2022-08-01,-0.013209399826984453
2022-08-02,-0.0023970741774017954
2022-08-03,0.003935342873973217
2022-08-04,0.0011498140450209582
2022-08-05,0.000571244879196204
2022-08-08,-0.004753632943450084
2022-08-09,0.011476211108178647
2022-08-10,0.009864404919378575
2022-08-11,-0.009767062217836712
2022-08-12,-0.0029619486839667832
2022-08-15,-0.006793672627459205
2022-08-16,-0.002921812851747918
2022-08-17,-0.013342265022342998
2022-08-18,-0.012461814999913428
2022-08-19,0.002840514727656727
2022-08-22,-0.003734549722590066
2022-08-23,0.008905314964464941
2022-08-24,0.009100349323666202
2022-08-25,0.005678726917459566
2022-08-26,0.015605952770267523
2022-08-29,-0.00011104965627352836
2022-08-30,0.005756944990917759
2022-08-31,0.001979681316299145
2022-09-01,-0.0028421242404594177
2022-09-02,0.0044118445025167945
2022-09-05,0.009508221264904332
2022-09-06,0.006487232991788753
2022-09-07,0.012276066918367365
2022-09-08,-0.002391379131415248
2022-09-09,-0.00730243917177964
2022-09-12,0.012749870625307932
2022-09-13,-0.002189049203280317
2022-09-14,0.0010049167311511438
2022-09-15,0.002101093171145263
2022-09-16,0.005574743085570424
2022-09-19,0.002391134427881062
2022-09-20,0.006772053583112475
2022-09-21,0.00010077146452320586
2022-09-22,-0.013239569666176065
2022-09-23,0.00813870363401667
2022-09-26,-0.005199774359783277
2022-09-27,-0.005846881735837186
2022-09-28,0.003941391178268064
2022-09-29,0.0034941243043057992
2022-09-30,-0.0002455234153217467
2022-10-03,-0.003760704095385989
2022-10-04,0.00480566675044299
2022-10-05,-0.006664833744604544
2022-10-06,-0.0003497110280072657
2022-10-07,-0.005360861476566299
2022-10-10,0.004239001809012423
2022-10-11,0.008084673326213107
2022-10-12,0.008881960323374839
2022-10-13,-0.0031761376569582975
2022-10-14,0.002861946888639527
2022-10-17,-0.010871745657148824
2022-10-18,0.00020280807751606655
2022-10-19,0.005379640282513966
2022-10-20,-0.004244825551417419
2022-10-21,0.005748587634970187
2022-10-24,0.0024995222097275167
2022-10-25,-0.005174111670068288
2022-10-26,0.001030139893082648
2022-10-27,-0.005417346065833975
2022-10-28,0.008709595239369362
2022-10-31,-0.006634039916679527
2022-11-01,-0.001467808376671413
2022-11-02,-0.010271357855400714
2022-11-03,-0.0014907574418575504
2022-11-04,0.00626090213766925
2022-11-07,0.005488919734707572
2022-11-08,0.008935855275829536
2022-11-09,-0.009772936932114876
2022-11-10,-0.004709879595119168
2022-11-11,0.0008027077850828457
2022-11-14,-0.0037428148991053107
2022-11-15,-0.010757128863641108
2022-11-16,0.00578107293655806
2022-11-17,0.004502582845815534
2022-11-18,0.003137164952716551
2022-11-21,0.004098435387148897
2022-11-22,-0.004639749493701754
2022-11-23,0.004694254716602767
2022-11-24,-0.0024039517042629688
2022-11-25,0.005602642167683154
2022-11-28,-0.0018561844362827056
2022-11-29,0.0013382974739656328
2022-11-30,-0.0032051553873540624
2022-12-01,-0.005558074274911512
2022-12-02,-0.007485407751713691
2022-12-05,-0.006354326160035107
2022-12-06,0.003927004387138361
2022-12-07,0.010880323311439039
2022-12-08,-0.0032726075954205664
2022-12-09,0.0006038220540368249
2022-12-12,-0.003507927050948008
2022-12-13,0.00804854086495276
2022-12-14,-0.0033336720040316736
2022-12-15,-0.007691745763505582
2022-12-16,0.007171423195893589
2022-12-19,0.004550876796538085
2022-12-20,0.006587324011871065
2022-12-21,0.00663316210312373
2022-12-22,0.011623859621564184
2022-12-23,0.0020875831436864183
2022-12-26,-0.008473372130305596
2022-12-27,0.0010673638116815614
2022-12-28,0.0008691860050593636
2022-12-29,0.005368743767145023
2022-12-30,0.00034773032143934745
2022-12-31,-0.0008333333333333333
2023-01-02,-0.003140599582781354
2023-01-03,0.0035641828103382765
2023-01-04,0.0123767826114602
2023-01-05,-0.004453675319462835
2023-01-06,-0.0008366326825775166
2023-01-09,-0.0014738195048410912
2023-01-10,0.00311004111229222
2023-01-11,0.008998313754620355
2023-01-12,0.007685143529455567
2023-01-13,-0.002017118556016403
2023-01-16,0.0005824428573132923
2023-01-17,-0.00012423540229856544
2023-01-18,0.0013100207957446688
2023-01-19,-0.004659115295530018
2023-01-20,-0.00801043710345308
2023-01-23,0.0026582576749690223
2023-01-24,-0.006702548291761276
2023-01-25,-0.006744520067427178
2023-01-26,-0.014533292889144345
2023-01-27,-0.0041330025226787494
2023-01-30,-0.0011856498287195483
2023-01-31,0.004767156673627676
2023-02-01,-0.0028846169621116365
2023-02-02,0.007867010376873299
2023-02-03,-0.010082576764331606
2023-02-06,-0.012304096105277208
2023-02-07,-0.008600697027900651
2023-02-08,0.006680710899039894
2023-02-09,-0.008271251610310318
2023-02-10,0.0006309528872907769
2023-02-13,0.001778914386430186
2023-02-14,0.001966936691769561
2023-02-15,0.0005294625034501692
2023-02-16,0.020134009450055036
2023-02-17,0.005724922181441715
2023-02-20,0.015488524105728067
2023-02-21,0.006664295268218433
2023-02-22,-0.004048307379676847
2023-02-23,0.002603395710144424
2023-02-24,0.0003776921277390912
2023-02-27,-0.009121218196420717
2023-02-28,-0.003033570866165819
2023-03-01,0.005259576538502357
2023-03-02,0.004942336679335368
2023-03-03,0.0035665367823370375
2023-03-06,0.005815830139837469
2023-03-07,0.001776163249179276
2023-03-08,-0.007410363018296286
2023-03-09,0.007106540420834741
2023-03-10,0.0021930173939878894
2023-03-13,-0.0029946513849595144
2023-03-14,0.005710325535364398
2023-03-15,0.0014258578883249622
2023-03-16,-0.0018235778258380766
2023-03-17,0.0031210423151119444
2023-03-20,0.021778306086506615
2023-03-21,0.0036993913273882886
2023-03-22,-0.004682982883484649
2023-03-23,0.0037760912585018593
2023-03-24,-0.007701408276610791
2023-03-27,-0.008608947673620951
2023-03-28,0.007760822843860166
2023-03-29,-0.001532530293698838
2023-03-30,0.011508198638252726
2023-03-31,0.012055584238946758
2023-04-03,-0.013596024002108338
2023-04-04,-0.0010590309282633896
2023-04-05,-0.00258378838484873
2023-04-06,0.0015603212612861628
2023-04-07,0.00390683018112493
2023-04-10,0.005155885577388858
2023-04-11,0.001933628112362038
2023-04-12,0.0011282179781263815
2023-04-13,0.00567111442476532
2023-04-14,-0.003625490995992612
2023-04-17,-0.0034334566037146626
2023-04-18,-0.008622373377637549
2023-04-19,0.0024993980043329085
2023-04-20,0.004299471346044914
2023-04-21,0.0012412930958824266
2023-04-24,0.012851298781307974
2023-04-25,0.0020307146901567268
2023-04-26,-0.003220702025896064
2023-04-27,-0.010818499563561243
2023-04-28,0.012349191124880724
2023-04-30,-0.000625
2023-05-01,0.002163627643702222
2023-05-02,0.002034884279425452
2023-05-03,-0.003702407229742863
2023-05-04,-0.009172075553184545
2023-05-05,-0.0002815297554433862
2023-05-08,-0.0025492116036227395
2023-05-09,-0.0010612728643099494
2023-05-10,0.009023042108632317
2023-05-11,0.0006134608926349482
2023-05-12,0.00033628298639693877
2023-05-15,-0.010525018238053702
2023-05-16,0.004302559751905179
2023-05-17,0.004296405126158438
2023-05-18,0.005925405890065516
2023-05-19,0.0046660589808476165
2023-05-22,0.000849338482033085
2023-05-23,0.019586239183016725
2023-05-24,-0.003268245773069398
2023-05-25,0.008264604430814438
2023-05-26,-0.006451037271000271
2023-05-29,0.0038512874528888272
2023-05-30,-0.012824654267403644
2023-05-31,-0.004235808452814747
2023-06-01,0.003004210642450017
2023-06-02,0.002195449544018309
2023-06-05,0.0034163324839882234
2023-06-06,0.0041162865446885775
2023-06-07,0.005672462028219166
2023-06-08,0.0013644066739935494
2023-06-09,0.006316979718809067
2023-06-12,-0.00020989695438845368
2023-06-13,0.0034595178032723515
2023-06-14,0.009865038892096296
2023-06-15,0.004985983307221331
2023-06-16,-0.010200138686944379
2023-06-19,-0.010706071467774764
2023-06-20,0.002379551219677303
2023-06-21,-0.0037787834524309525
2023-06-22,0.005048377261377783
2023-06-23,-0.0035903449080236976
2023-06-26,-0.0035247486095034137
2023-06-27,0.003923953455937833
2023-06-28,-0.00023671877846813925
2023-06-29,-0.005946846768053959
2023-06-30,-0.0009322065755792881
2023-07-03,-0.006524673084345191
2023-07-04,0.0008525862990502637
2023-07-05,-0.004472818206396093
2023-07-06,0.014997562679640678
2023-07-07,0.010400208612739213
2023-07-10,0.000617021934393466
2023-07-11,0.004856358387247646
2023-07-12,0.0033556987939260354
2023-07-13,0.00037625896103986745
2023-07-14,0.003767207151517479
2023-07-17,-0.007797999755370395
2023-07-18,0.010365513763135603
2023-07-19,0.005117500734587879
2023-07-20,0.0023469870525380243
2023-07-21,-0.0025813040407629273
2023-07-24,0.0053408884324898835
2023-07-25,-0.0015263268628283684
2023-07-26,-0.00013215742653531048
2023-07-27,-0.000566108163225683
2023-07-28,0.004872077444343953
2023-07-31,-0.007530315426875997
2023-08-01,-0.0069819001348478404
2023-08-02,-0.003996198159018953
2023-08-03,-0.0006191290876738367
2023-08-04,-0.0006559601576690002
2023-08-07,0.009862117437443705
2023-08-08,-0.0014801436160538453
2023-08-09,-0.003578551160589045
2023-08-10,0.0010749119550166701
2023-08-11,-0.012849339366343526
2023-08-14,0.004406853299333102
2023-08-15,0.007310326151051547
2023-08-16,-0.0005653882356016955
2023-08-17,-0.008808702946105817
2023-08-18,-0.003230145102496474
2023-08-21,0.0018402239333401476
2023-08-22,-0.0008420845156037562
2023-08-23,-0.0036877637248009334
2023-08-24,-0.00931983038296767
2023-08-25,-0.0011926113465323316
2023-08-28,-0.005782324557838234
2023-08-29,5.9035229797794976e-05
2023-08-30,0.004474859322031843
2023-08-31,0.004066822284658286
2023-09-01,0.005487297243676299
2023-09-04,0.009043314411611806
2023-09-05,0.0015580780074101557
2023-09-06,-0.0002498897208531212
2023-09-07,-0.005928336199385329
2023-09-08,0.00863565211402888
2023-09-11,-0.00745585113109685
2023-09-12,-0.007206468447724064
2023-09-13,0.004183862218699328
2023-09-14,-0.0005811302478008115
2023-09-15,0.0004882677058971143
2023-09-18,0.009978993457941055
2023-09-19,-0.0026283237474902608
2023-09-20,-0.008138272632547627
2023-09-21,0.0012202985573354546
2023-09-22,-0.003016565510277663
2023-09-25,-0.0036700784567132343
2023-09-26,0.0014639064579927696
2023-09-27,0.009508220721047353
2023-09-28,0.010704403935930386
2023-09-29,0.00416185376643958
2023-09-30,-0.000625
2023-10-02,0.00044726800021631895
2023-10-03,-0.0007930492298596952
2023-10-04,0.005896420268117402
2023-10-05,-0.0011618892197468864
2023-10-06,-0.012984587949617784
2023-10-09,-0.0003388135945894457
2023-10-10,-0.008814159295952898
2023-10-11,-0.002038418633845832
2023-10-12,-0.0006847180784422995
2023-10-13,-0.006451844234006076
2023-10-16,0.01134431896746745
2023-10-17,-0.0016794556400810496
2023-10-18,-0.0021738405622951183
2023-10-19,0.0031310440853556014
2023-10-20,-0.0049907815558918505
2023-10-23,-0.0009178377266288269
2023-10-24,9.190999663228689e-05
2023-10-25,0.01414255934154185
2023-10-26,-0.010090555135428298
2023-10-27,0.0004298386937166747
2023-10-30,-0.0003074731787202816
2023-10-31,-0.005135993211472761
2023-11-01,-0.0062172885912920115
2023-11-02,-0.005961128277508775
2023-11-03,0.00504150264443672
2023-11-06,0.003933999555300133
2023-11-07,0.002276303837532163
2023-11-08,0.006058240657201461
2023-11-09,0.0008658621134178626
2023-11-10,-0.007093840876445323
2023-11-13,0.004061152545021263
2023-11-14,0.006476718487852816
2023-11-15,-0.0005230062465401146
2023-11-16,-0.001636503525164516
2023-11-17,0.004781113408282226
2023-11-20,0.0010711780594706746
2023-11-21,0.0020742717879533206
2023-11-22,0.0003790513819413217
2023-11-23,-0.005298407153323267
2023-11-24,-0.0057158769458424685
2023-11-27,-0.000642626703779977
2023-11-28,0.007393719191963299
2023-11-29,0.0009779940748942026
2023-11-30,0.00446762932743743
2023-12-01,0.005841209656657649
2023-12-04,-0.0009331733521422878
2023-12-05,0.0030557042595212858
2023-12-06,0.011032889488786501
2023-12-07,-0.002014553516684346
2023-12-08,-0.005108338276235691
2023-12-11,-0.0036563472235383206
2023-12-12,-0.01849004006599375
2023-12-13,0.0019332227976083618
2023-12-14,0.005808954023530832
2023-12-15,-0.005453505017977394
2023-12-18,0.0006463187020615546
2023-12-19,-0.003226679250827609
2023-12-20,-0.0008294835273500167
2023-12-21,0.009118623800187797
2023-12-22,-0.004141962873262166
2023-12-25,-0.001675586286973229
2023-12-26,-0.0020706554767387273
2023-12-27,0.016196154779598283
2023-12-28,-0.014353313126162984
2023-12-29,0.006185689347530868
2023-12-31,-0.00041666666666666664
2024-01-01,0.0018246712962562603
2024-01-02,-0.010173459727646567
2024-01-03,0.003654235388653781
2024-01-04,6.781443984930392e-05
2024-01-05,-0.0005337668624011598
2024-01-08,0.0031196806423950023
2024-01-09,-0.005079180374607769
2024-01-10,-0.00165238549413856
2024-01-11,-0.009064702185276718
2024-01-12,0.003728444970460801
2024-01-15,-0.004686931604064276
2024-01-16,0.007891097026431482
2024-01-17,0.004220841360675048
2024-01-18,-0.010688639555768764
2024-01-19,-0.0019112000893580687
2024-01-22,0.005263138797031848
2024-01-23,0.005127077039438248
2024-01-24,0.005852098015371926
2024-01-25,0.009125025986460245
2024-01-26,0.002102918404422004
2024-01-29,0.005980703100762976
2024-01-30,0.01312434438119044
2024-01-31,-0.0009664575423061017
2024-02-01,0.00311857480695898
2024-02-02,-0.0007745016311654636
2024-02-05,-0.006083178927747133
2024-02-06,0.009583963062707812
2024-02-07,-0.01104019098086719
2024-02-08,-0.0008471254660407657
2024-02-09,0.0023820305892487126
2024-02-12,-0.002768483831041252
2024-02-13,0.0033184869104225054
2024-02-14,-0.008725896281345763
2024-02-15,-1.456662281079657e-05
2024-02-16,0.0053191176336415584
2024-02-19,0.004489252008290201
2024-02-20,-0.0026057350183611066
2024-02-21,0.011811404715477888
2024-02-22,-0.0009716520039668997
2024-02-23,0.007141969688862632
2024-02-26,0.005240882049778139
2024-02-27,-0.008153413554351202
2024-02-28,0.005392798621908483
2024-02-29,-0.000107313769257378
2024-03-01,-0.006625278677869069
2024-03-04,0.0006031381814850615
2024-03-05,-0.0011072149421909503
2024-03-06,0.0005908109254251321
2024-03-07,0.000364309584286876
2024-03-08,0.0036138021666522373
2024-03-11,-0.0004493818583410727
2024-03-12,-0.006552366907318085
2024-03-13,-0.0007527542546241859
2024-03-14,0.00871496760823857
2024-03-15,0.002759059845363834
2024-03-18,-0.005524548913773278
2024-03-19,0.001918435344154719
2024-03-20,-0.0011740060110501382
2024-03-21,-0.006405584066369336
2024-03-22,-0.016632299694991876
2024-03-25,-0.0013562342684879849
2024-03-26,-0.005113908683855861
2024-03-27,-0.004206201792562786
2024-03-28,-0.006200754620011674
2024-03-29,0.00722922325598758
2024-03-31,-0.00041666666666666664
2024-04-01,-0.001870397013657044
2024-04-02,-0.01905602067914517
2024-04-03,0.007390905669790624
2024-04-04,0.0012936604064567032
2024-04-05,-0.009562631579664749
2024-04-08,0.004908951180909819
2024-04-09,0.007612249762063668
2024-04-10,-0.01061707657842964
2024-04-11,-0.012890289852278839
2024-04-12,-0.003372318060214846
2024-04-15,-0.005566878214372757
2024-04-16,0.01559591597533272
2024-04-17,-0.005809307110591262
2024-04-18,0.012757481172866965
2024-04-19,0.0015445951148608061
2024-04-22,0.005382913783329705
2024-04-23,-0.002547189561620821
2024-04-24,-0.0019313649414092193
2024-04-25,-0.01026929889659576
2024-04-26,0.012967545201826896
2024-04-29,-0.00019512418268089913
2024-04-30,-0.0012231321155332835
2024-05-01,0.011059653036277086
2024-05-02,-0.004180752668332288
2024-05-03,-0.006565755605893018
2024-05-06,-0.008863087281219022
2024-05-07,0.004546412219258121
2024-05-08,-0.0011281092058624455
2024-05-09,-0.0031040283999102525
2024-05-10,-0.005285821805699402
2024-05-13,-0.002349022435474959
2024-05-14,-0.010867400248345573
2024-05-15,0.01061274828306738
2024-05-16,0.007106100047484085
2024-05-17,0.003121754839028638
2024-05-20,0.007360345276081193
2024-05-21,0.007738219040102551
2024-05-22,0.002711670488857907
2024-05-23,0.007256342486519916
2024-05-24,-0.008687303575372746
2024-05-27,-0.011431137954155624
2024-05-28,0.016337789297557154
2024-05-29,-0.004128055155193665
2024-05-30,-0.0019385925209575994
2024-05-31,0.009442795821050407
2024-06-03,0.010710503431143057
2024-06-04,-0.0001513835975597102
2024-06-05,-0.0035893525243992914
2024-06-06,0.0036571448006199507
2024-06-07,0.0010183615931312613
2024-06-10,-0.0058334703223302895
2024-06-11,0.005622355845230632
2024-06-12,0.0030629620102355926
2024-06-13,0.0025773306764114157
2024-06-14,0.011394660030743037
2024-06-17,0.007683871475379782
2024-06-18,-0.0012663333126599428
2024-06-19,-0.005231525631385663
2024-06-20,-0.004987603223673605
2024-06-21,0.008570422582161738
2024-06-24,0.0034082835868620336
2024-06-25,-0.006126164873092903
2024-06-26,0.00109461309526863
2024-06-27,-0.0006131519740824043
2024-06-28,-0.00237313042847583
2024-06-30,-0.0008333333333333333
2024-07-01,-0.012406364816275883
2024-07-02,0.0027968198643836075
2024-07-03,0.0022450787406357773
2024-07-04,0.011372937713968728
2024-07-05,0.00941182500928118
2024-07-08,0.002618066099306797
2024-07-09,0.0015164744281265055
2024-07-10,0.006484470104877616
2024-07-11,-0.004861931895357875
2024-07-12,-0.01283190206493299
2024-07-15,0.009657360804292924
2024-07-16,-0.002081092789252142
2024-07-17,0.0031309944125889424
2024-07-18,0.009265524163147132
2024-07-19,0.0020224013517345556
2024-07-22,0.00013935380819584298
2024-07-23,0.006201446458418793
2024-07-24,0.006126918568631483
2024-07-25,0.0033940794249916013
2024-07-26,-0.0016416126543684073
2024-07-29,0.0024234269169225997
2024-07-30,0.01677425692205715
2024-07-31,-0.01349675296961798
2024-08-01,0.0178316843975316
2024-08-02,-0.005397673830719031
2024-08-05,-0.00981617360074962
2024-08-06,0.007366168782563861
2024-08-07,0.008276788041601063
2024-08-08,-0.006113331454979387
2024-08-09,-0.004446262055163946
2024-08-12,0.005700121822765163
2024-08-13,0.004007584213621869
2024-08-14,-7.266116398814849e-05
2024-08-15,0.0021891657167149208
2024-08-16,0.006676152524882073
2024-08-19,-0.006082778412475527
2024-08-20,0.011055574019886216
2024-08-21,-0.006639536846523592
2024-08-22,-0.004431730990347567
2024-08-23,-0.00036963437028441227
2024-08-26,-0.008407013583696516
2024-08-27,0.00046431002602082916
2024-08-28,0.00440053672243787
2024-08-29,-0.011746411688116427
2024-08-30,-0.002213650201858902
2024-08-31,-0.000625
2024-09-02,0.0027374689357153687
2024-09-03,-0.00793656299594801
2024-09-04,0.0012437872674287047
2024-09-05,0.0034740014520132827
2024-09-06,-0.009160394509265025
2024-09-09,-0.007227484691607083
2024-09-10,-0.004036309938761567
2024-09-11,0.007703330738507217
2024-09-12,-0.0014530675680448726
2024-09-13,-0.008413078000933254
2024-09-16,0.013941698314255438
2024-09-17,0.003005267598991779
2024-09-18,-0.006070516365438261
2024-09-19,-0.001797969969664914
2024-09-20,0.003864866665727681
2024-09-23,-0.012763491429831018
2024-09-24,0.00490374032315268
2024-09-25,-0.00040294537112172324
2024-09-26,0.0005417183199092159
2024-09-27,0.002087854798148492
2024-09-30,0.004540800396945719
2024-10-01,0.007048499874183592
2024-10-02,0.0008915734753519307
2024-10-03,0.004791910320785131
2024-10-04,-0.006001959150393846
2024-10-07,-0.009195220508690873
2024-10-08,0.0029211534036082125
2024-10-09,0.007032589248722437
2024-10-10,-0.0008694330175027976
2024-10-11,-0.007142774476380333
2024-10-14,0.003464837442856611
2024-10-15,-0.009376752807705205
2024-10-16,-0.000996948434734515
2024-10-17,-0.0031615342688822894
2024-10-18,-0.00015798415272468436
2024-10-21,-0.013510760112367275
2024-10-22,0.0015996307557457805
2024-10-23,-0.0035740242384806518
2024-10-24,0.0059663184740886
2024-10-25,-0.0028837214442399193
2024-10-28,0.008837914922675539
2024-10-29,0.0013013528550112712
2024-10-30,-0.005391393462806288
2024-10-31,-0.005774205885501704
2024-11-01,-0.010036319247769375
2024-11-04,0.009040038133700114
2024-11-05,-0.00020927296612718947
2024-11-06,0.006208789532601306
2024-11-07,-0.0035796404555066643
2024-11-08,-0.001283592652576021
2024-11-11,-0.005426797042823024
2024-11-12,0.00169743883479854
2024-11-13,-0.011349589125582777
2024-11-14,0.010276380334225668
2024-11-15,0.01999720350680248
2024-11-18,-0.001825960175310586
2024-11-19,0.009573987037945625
2024-11-20,-0.0012112476845595186
2024-11-21,0.005436717617167038
2024-11-22,-0.002138482275191275
2024-11-25,0.003536577113151298
2024-11-26,-0.0016970602197048197
2024-11-27,0.004491668225992062
2024-11-28,-0.0025724065306681476
2024-11-29,-0.012113467521440019
2024-11-30,-0.00041666666666666664
2024-12-02,-0.009415451459871549
2024-12-03,0.012049539299934787
2024-12-04,0.0032215565121593284
2024-12-05,-0.00028446242061847893
2024-12-06,0.0007726189180181364
2024-12-09,0.0003311084488233458
2024-12-10,0.0023334964581533946
2024-12-11,0.004965726582976643
2024-12-12,-0.006333347165304249
2024-12-13,0.008687161098013346
2024-12-16,-0.00085219590154668
2024-12-17,-0.004587395226281561
2024-12-18,-0.005691744244112377
2024-12-19,0.0018646544578059996
2024-12-20,-0.016786214988582758
2024-12-23,0.007958934657879974
2024-12-24,0.009187170228009151
2024-12-25,-0.0036243449664770853
2024-12-26,-0.0014143248625474911
2024-12-27,-0.004778469862525549
2024-12-30,0.006583935216989597
2024-12-31,0.004430204039361378
